{
  "project_info": {
    "project_number": "990129453525",
    "project_id": "foodie-12a40",
    "storage_bucket": "foodie-12a40.appspot.com"
  },
  "client": [
    {
      "client_info": {
        "mobilesdk_app_id": "1:990129453525:android:8a23345555c6c0c026255c",
        "android_client_info": {
          "package_name": "com.example.food_app"
        }
      },
      "oauth_client": [
        {
          "client_id": "990129453525-n0hu1p69d94vd4ghivv55nif7s4m643o.apps.googleusercontent.com",
          "client_type": 3
        }
      ],
      "api_key": [
        {
          "current_key": "AIzaSyAp05GrndeycSGvTGrYF1jl4Tem5LrMLMY"
        }
      ],
      "services": {
        "appinvite_service": {
          "other_platform_oauth_client": [
            {
              "client_id": "990129453525-n0hu1p69d94vd4ghivv55nif7s4m643o.apps.googleusercontent.com",
              "client_type": 3
            }
          ]
        }
      }
    }
  ],
  "configuration_version": "1"
}